"","V1","Cell_Line","Description","Compound_Name","AUC","Relative_AUC"
"1",1,"Cell_LineX","Sample","Test_Compound343",6.03418257036235,0.609513390945692
"2",2,"Cell_LineX","Sample","Test_Compound80",9.74220608264089,0.984061220468776
"3",3,"Cell_LineX","Sample","Test_Compound576",9.56722990791595,0.966386859385449
"4",4,"Cell_LineX","Sample","Test_Compound442",9.79403721053264,0.98929668793259
"5",5,"Cell_LineX","Sample","Test_Compound433",9.8783965883824,0.997817837210344
"6",6,"Cell_LineX","Sample","Test_Compound167",9.63141866292546,0.972870572012672
"7",7,"Cell_LineX","Sample","Test_Compound618",9.28570529673247,0.937950029972977
"8",8,"Cell_LineX","Sample","Test_Compound706",0.94432486121674,0.0953863496178525
"9",9,"Cell_LineX","Sample","Test_Compound781",9.56077542948782,0.965734891867457
"10",10,"Cell_LineX","Sample","Test_Compound73",6.89286912409514,0.696249406474256
"11",11,"Cell_LineX","Sample","Test_Compound855",9.67370365145629,0.977141782975383
"12",12,"Cell_LineX","Sample","Test_Compound847",9.71113768297457,0.98092299828026
"13",13,"Cell_LineX","Sample","Test_Compound688",9.55215633124418,0.964864275883251
"14",14,"Cell_LineX","Sample","Test_Compound74",6.78965134465092,0.685823368146558
"15",15,"Cell_LineX","Sample","Test_Compound132",9.71784066133693,0.98160006680171
"16",16,"Cell_LineX","Sample","Test_Compound388",9.65970132297458,0.975727406361069
"17",17,"Cell_LineX","Sample","Test_Compound640",9.10578371193718,0.919776132518907
"18",18,"Cell_LineX","Sample","Test_Compound320",6.62889964371118,0.669585822597089
"19",19,"Cell_LineX","Sample","Test_Compound823",8.97914413698599,0.906984256261211
"20",20,"Cell_LineX","Sample","Test_Compound592",9.64837934282276,0.974583772002299
"21",21,"Cell_LineX","Sample","Test_Compound733",8.37066922660175,0.845522144101187
"22",22,"Cell_LineX","Sample","Test_Compound286",6.74730921599502,0.681546385454042
"23",23,"Cell_LineX","Sample","Test_Compound768",9.39341026805545,0.948829320005601
"24",24,"Cell_LineX","Sample","Test_Compound661",8.20670352769022,0.828959952291942
"25",25,"Cell_LineX","Sample","Test_Compound707",9.88086744145245,0.99806741832853
"26",26,"Cell_LineX","Sample","Test_Compound697",9.61988967440122,0.971706027717295
"27",27,"Cell_LineX","Sample","Test_Compound796",9.63051385004687,0.972779176772412
"28",28,"Cell_LineX","Sample","Test_Compound677",9.79373792894801,0.989266457469496
"29",29,"Cell_LineX","Sample","Test_Compound271",7.19251155210073,0.726516318394013
"30",30,"Cell_LineX","Sample","Test_Compound382",9.32989241782349,0.942413375537726
"31",31,"Cell_LineX","Sample","Test_Compound254",9.63388566996527,0.973119764642957
"32",32,"Cell_LineX","Sample","Test_Compound316",7.87480296931453,0.795434643365104
"33",33,"Cell_LineX","Sample","Test_Compound48",7.17621399465758,0.724870100470462
"34",34,"Cell_LineX","Sample","Test_Compound153",5.98651684602657,0.604698671315816
"35",35,"Cell_LineX","Sample","Test_Compound507",NA,NA
"36",36,"Cell_LineX","Sample","Test_Compound605",7.68392034767839,0.776153570472565
"37",37,"Cell_LineX","Sample","Test_Compound304",9.75480894536609,0.985334236905665
"38",38,"Cell_LineX","Sample","Test_Compound100",5.50346570989388,0.555905627262008
"39",39,"Cell_LineX","Sample","Test_Compound30",6.10690026777054,0.616858612906115
"40",40,"Cell_LineX","Sample","Test_Compound312",9.7467742667288,0.98452265320493
"41",41,"Cell_LineX","Sample","Test_Compound279",9.75332273698268,0.985184114846735
"42",42,"Cell_LineX","Sample","Test_Compound667",9.47037222463126,0.956603255013258
"43",43,"Cell_LineX","Sample","Test_Compound633",9.75229968410082,0.9850807761718
"44",44,"Cell_LineX","Sample","Test_Compound423",9.62069003081595,0.971786871799591
"45",45,"Cell_LineX","Sample","Test_Compound783",6.63076531629691,0.669774274373426
"46",46,"Cell_LineX","Sample","Test_Compound643",9.648548218749,0.974600830176666
"47",47,"Cell_LineX","Sample","Test_Compound727",9.07490740553094,0.916657313689994
"48",48,"Cell_LineX","Sample","Test_Compound300",9.71114991435028,0.980924233772756
"49",49,"Cell_LineX","Sample","Test_Compound495",9.41304376513808,0.950812501529098
"50",50,"Cell_LineX","Sample","Test_Compound347",9.62003535920039,0.971720743353575
"51",51,"Cell_LineX","Sample","Test_Compound460",9.69965695894992,0.97976332918686
"52",52,"Cell_LineX","Sample","Test_Compound407",9.69926312817606,0.979723548300612
"53",53,"Cell_LineX","Sample","Test_Compound756",9.73445741198015,0.983278526462641
"54",54,"Cell_LineX","Sample","Test_Compound621",8.01943593482294,0.810044033820499
"55",55,"Cell_LineX","Sample","Test_Compound360",9.47709833817624,0.957282660421842
"56",56,"Cell_LineX","Sample","Test_Compound128",8.33838306212427,0.842260915366088
"57",57,"Cell_LineX","Sample","Test_Compound587",8.88604919770195,0.897580727040601
"58",58,"Cell_LineX","Sample","Test_Compound120",8.81756751892367,0.890663385749865
"59",59,"Cell_LineX","Sample","Test_Compound66",9.67757202516585,0.97753252779453
"60",60,"Cell_LineX","Sample","Test_Compound362",9.42403611949318,0.951922840352847
"61",61,"Cell_LineX","Sample","Test_Compound88",9.64933418605859,0.974680220813999
"62",62,"Cell_LineX","Sample","Test_Compound390",9.4998343547284,0.959579227750343
"63",63,"Cell_LineX","Sample","Test_Compound508",9.57948713624191,0.967624963256758
"64",64,"Cell_LineX","Sample","Test_Compound72",9.73457406459429,0.983290309554979
"65",65,"Cell_LineX","Sample","Test_Compound234",9.71386423102033,0.981198407173771
"66",66,"Cell_LineX","Sample","Test_Compound78",6.02269710821878,0.608353243254422
"67",67,"Cell_LineX","Sample","Test_Compound180",2.85185467483353,0.288066128771064
"68",68,"Cell_LineX","Sample","Test_Compound346",2.05747187658104,0.207825442078893
"69",69,"Cell_LineX","Sample","Test_Compound652",7.80198599911662,0.788079393850163
"70",70,"Cell_LineX","Sample","Test_Compound255",8.89169067556039,0.898150573288928
"71",71,"Cell_LineX","Sample","Test_Compound636",8.95047539053862,0.90408842328673
"72",72,"Cell_LineX","Sample","Test_Compound245",8.3256193107137,0.840971647546839
"73",73,"Cell_LineX","Sample","Test_Compound612",5.26195723698489,0.531510832018675
"74",74,"Cell_LineX","Sample","Test_Compound303",9.58592982869355,0.968275740272076
"75",75,"Cell_LineX","Sample","Test_Compound534",9.67803382460488,0.977579174202514
"76",76,"Cell_LineX","Sample","Test_Compound528",9.77102124791707,0.986971843223946
"77",77,"Cell_LineX","Sample","Test_Compound327",6.56761440117584,0.663395394058166
"78",78,"Cell_LineX","Sample","Test_Compound843",9.61913479273365,0.971629777043803
"79",79,"Cell_LineX","Sample","Test_Compound651",9.82593321358799,0.992518506423029
"80",80,"Cell_LineX","Sample","Test_Compound775",6.72408162576443,0.679200164218629
"81",81,"Cell_LineX","Sample","Test_Compound186",2.13439868447087,0.215595826714229
"82",82,"Cell_LineX","Sample","Test_Compound241",9.47069399983898,0.956635757559493
"83",83,"Cell_LineX","Sample","Test_Compound838",9.66278446175996,0.976038834521208
"84",84,"Cell_LineX","Sample","Test_Compound870",6.97766889698913,0.704815040099912
"85",85,"Cell_LineX","Sample","Test_Compound130",4.09864932070842,0.41400498188974
"86",86,"Cell_LineX","Sample","Test_Compound352",9.79774820445144,0.989671535803176
"87",87,"Cell_LineX","Sample","Test_Compound574",9.67511147301824,0.97728398717356
"88",88,"Cell_LineX","Sample","Test_Compound144",9.73852291184595,0.983689183014742
"89",89,"Cell_LineX","Sample","Test_Compound284",5.59448647155634,0.565099643591549
"90",90,"Cell_LineX","Sample","Test_Compound594",9.81066164283048,0.99097592351823
"91",91,"Cell_LineX","Sample","Test_Compound751",9.09995195308248,0.919187065967928
"92",92,"Cell_LineX","Sample","Test_Compound125",9.752824220718,0.985133759668485
"93",93,"Cell_LineX","Sample","Test_Compound384",9.58391522749504,0.968072245201519
"94",94,"Cell_LineX","Sample","Test_Compound827",9.59785301360898,0.969480102384746
"95",95,"Cell_LineX","Sample","Test_Compound311",9.80590716679225,0.990495673413358
"96",96,"Cell_LineX","Sample","Test_Compound92",9.87234096517204,0.997206158098186
"97",97,"Cell_LineX","Sample","Test_Compound08",8.91818610036329,0.900826878824574
"98",98,"Cell_LineX","Sample","Test_Compound687",9.72784403583545,0.982610508670248
"99",99,"Cell_LineX","Sample","Test_Compound413",9.67968072359975,0.977745527636338
"100",100,"Cell_LineX","Sample","Test_Compound826",9.52307413558465,0.961926680362086
"101",101,"Cell_LineX","Sample","Test_Compound538",9.12161624041596,0.921375377819794
"102",102,"Cell_LineX","Sample","Test_Compound773",9.65953360553767,0.975710465205825
"103",103,"Cell_LineX","Sample","Test_Compound160",6.4781765446866,0.654361267140061
"104",104,"Cell_LineX","Sample","Test_Compound854",9.68167061237537,0.977946526502562
"105",105,"Cell_LineX","Sample","Test_Compound15",9.7240326367175,0.982225518860354
"106",106,"Cell_LineX","Sample","Test_Compound260",9.61085704259673,0.970793640666336
"107",107,"Cell_LineX","Sample","Test_Compound833",6.68904214550271,0.675660822778051
"108",108,"Cell_LineX","Sample","Test_Compound261",9.50028903852105,0.959625155406166
"109",109,"Cell_LineX","Sample","Test_Compound400",9.06482357318918,0.915638744766583
"110",110,"Cell_LineX","Sample","Test_Compound767",9.0311392663474,0.91223628953004
"111",111,"Cell_LineX","Sample","Test_Compound501",9.58355094640501,0.968035449131819
"112",112,"Cell_LineX","Sample","Test_Compound627",9.44428414364056,0.953968095317228
"113",113,"Cell_LineX","Sample","Test_Compound208",9.50898143616285,0.960503175369985
"114",114,"Cell_LineX","Sample","Test_Compound216",9.5641741957057,0.966078201586434
"115",115,"Cell_LineX","Sample","Test_Compound44",7.59686882397097,0.767360487269795
"116",116,"Cell_LineX","Sample","Test_Compound335",9.63802257392755,0.973537633730055
"117",117,"Cell_LineX","Sample","Test_Compound409",4.57885031186024,0.462510132511135
"118",118,"Cell_LineX","Sample","Test_Compound314",0.886271263996704,0.0895223498986569
"119",119,"Cell_LineX","Sample","Test_Compound540",9.14744493390578,0.92398433675816
"120",120,"Cell_LineX","Sample","Test_Compound757",9.62506827799475,0.972229118989368
"121",121,"Cell_LineX","Sample","Test_Compound139",4.89635227910909,0.494581038293848
"122",122,"Cell_LineX","Sample","Test_Compound600",9.52157218754844,0.961774968439236
"123",123,"Cell_LineX","Sample","Test_Compound17",5.72646810370912,0.57843112158678
"124",124,"Cell_LineX","Sample","Test_Compound858",9.5816015140862,0.967838536776384
"125",125,"Cell_LineX","Sample","Test_Compound506",2.04926560212738,0.206996525467412
"126",126,"Cell_LineX","Sample","Test_Compound725",9.29280477277038,0.938667148764685
"127",127,"Cell_LineX","Sample","Test_Compound573",9.36092930400689,0.94554841454615
"128",128,"Cell_LineX","Sample","Test_Compound842",8.96727184152486,0.905785034497461
"129",129,"Cell_LineX","Sample","Test_Compound252",7.69489237337486,0.77726185589645
"130",130,"Cell_LineX","Sample","Test_Compound567",9.77086338606784,0.98695589758261
"131",131,"Cell_LineX","Sample","Test_Compound458",5.87213282579712,0.593144729878497
"132",132,"Cell_LineX","Sample","Test_Compound482",9.71696425888342,0.981511541301355
"133",133,"Cell_LineX","Sample","Test_Compound03",9.70493179467082,0.980296140875841
"134",134,"Cell_LineX","Sample","Test_Compound211",9.73093161284795,0.982922385136157
"135",135,"Cell_LineX","Sample","Test_Compound748",9.32885951118051,0.942309041533385
"136",136,"Cell_LineX","Sample","Test_Compound24",6.23566487882866,0.629865139275623
"137",137,"Cell_LineX","Sample","Test_Compound315",4.62383707131861,0.467054249628143
"138",138,"Cell_LineX","Sample","Test_Compound275",4.4527114543998,0.449768833777758
"139",139,"Cell_LineX","Sample","Test_Compound851",8.34413477039624,0.84284189599962
"140",140,"Cell_LineX","Sample","Test_Compound809",7.32810143452057,0.740212266113189
"141",141,"Cell_LineX","Sample","Test_Compound218",3.42951673380177,0.346415831697149
"142",142,"Cell_LineX","Sample","Test_Compound118",9.10012709885526,0.919204757460127
"143",143,"Cell_LineX","Sample","Test_Compound36",9.43909009868818,0.953443444311938
"144",144,"Cell_LineX","Sample","Test_Compound487",9.83064479151731,0.992994423385586
"145",145,"Cell_LineX","Sample","Test_Compound323",8.43578393748168,0.852099387624412
"146",146,"Cell_LineX","Sample","Test_Compound572",0.863488604439115,0.0872210711554662
"147",147,"Cell_LineX","Sample","Test_Compound163",9.06206391384058,0.915359991297028
"148",148,"Cell_LineX","Sample","Test_Compound171",9.8345044889447,0.993384291812596
"149",149,"Cell_LineX","Sample","Test_Compound150",8.12885067511646,0.821096027789542
"150",150,"Cell_LineX","Sample","Test_Compound322",9.78124166528013,0.988004208614155
"151",151,"Cell_LineX","Sample","Test_Compound257",9.7606053759921,0.985919734948697
"152",152,"Cell_LineX","Sample","Test_Compound878",9.26600632590422,0.93596023493982
"153",153,"Cell_LineX","Sample","Test_Compound242",9.46263267715224,0.95582148254063
"154",154,"Cell_LineX","Sample","Test_Compound691",9.82114689461377,0.992035039859977
"155",155,"Cell_LineX","Sample","Test_Compound412",9.76167125107269,0.986027399098251
"156",156,"Cell_LineX","Sample","Test_Compound110",8.17848571955404,0.826109668641822
"157",157,"Cell_LineX","Sample","Test_Compound391",9.46795432779238,0.956359023009331
"158",158,"Cell_LineX","Sample","Test_Compound657",9.37428468656097,0.946897443086967
"159",159,"Cell_LineX","Sample","Test_Compound471",7.39448697988875,0.746917876756439
"160",160,"Cell_LineX","Sample","Test_Compound693",3.78363475654719,0.382185328944161
"161",161,"Cell_LineX","Sample","Test_Compound836",8.71993262705396,0.880801275459996
"162",162,"Cell_LineX","Sample","Test_Compound485",2.8528485317509,0.288166518358677
"163",163,"Cell_LineX","Sample","Test_Compound514",9.28955032264176,0.93833841642846
"164",164,"Cell_LineX","Sample","Test_Compound503",9.11671819031442,0.920880625284285
"165",165,"Cell_LineX","Sample","Test_Compound743",7.76800129574562,0.784646595529861
"166",166,"Cell_LineX","Sample","Test_Compound792",9.58050173231536,0.967727447708623
"167",167,"Cell_LineX","Sample","Test_Compound749",9.43697416365151,0.953229713500153
"168",168,"Cell_LineX","Sample","Test_Compound882",9.29394246491923,0.938782067163558
"169",169,"Cell_LineX","Sample","Test_Compound104",9.3229690239916,0.941714042827434
"170",170,"Cell_LineX","Sample","Test_Compound879",9.28117716026201,0.937492642450709
"171",171,"Cell_LineX","Sample","Test_Compound101",5.04058887566586,0.5091503914814
"172",172,"Cell_LineX","Sample","Test_Compound09",5.61870294622726,0.567545752144168
"173",173,"Cell_LineX","Sample","Test_Compound695",8.82585899029233,0.891500908110336
"174",174,"Cell_LineX","Sample","Test_Compound181",7.66616571804328,0.774360173539726
"175",175,"Cell_LineX","Sample","Test_Compound558",9.67873655925703,0.97765015750071
"176",176,"Cell_LineX","Sample","Test_Compound403",9.33656741756352,0.943087617935709
"177",177,"Cell_LineX","Sample","Test_Compound607",6.66817974838185,0.673553509937561
"178",178,"Cell_LineX","Sample","Test_Compound601",4.13530634302603,0.417707711416771
"179",179,"Cell_LineX","Sample","Test_Compound531",7.74612001976485,0.782436365632813
"180",180,"Cell_LineX","Sample","Test_Compound334",6.79383330776344,0.686245788662973
"181",181,"Cell_LineX","Sample","Test_Compound728",9.7787553970804,0.987753070412162
"182",182,"Cell_LineX","Sample","Test_Compound493",3.68711121267773,0.372435476028054
"183",183,"Cell_LineX","Sample","Test_Compound629",6.25976234431564,0.63229922669855
"184",184,"Cell_LineX","Sample","Test_Compound791",9.86762751423061,0.996730051942486
"185",185,"Cell_LineX","Sample","Test_Compound787",9.82951425719703,0.9928802279997
"186",186,"Cell_LineX","Sample","Test_Compound729",9.7168993179447,0.981504981610576
"187",187,"Cell_LineX","Sample","Test_Compound406",9.40668108389628,0.95016980645417
"188",188,"Cell_LineX","Sample","Test_Compound880",9.51868086905404,0.961482916066064
"189",189,"Cell_LineX","Sample","Test_Compound569",9.46499463657291,0.956060064300294
"190",190,"Cell_LineX","Sample","Test_Compound247",5.13819895819803,0.519009995777579
"191",191,"Cell_LineX","Sample","Test_Compound345",9.27010362332874,0.93637410336654
"192",192,"Cell_LineX","Sample","Test_Compound622",6.69719745818535,0.676484591735894
"193",193,"Cell_LineX","Sample","Test_Compound732",9.2676879867277,0.936130099669464
"194",194,"Cell_LineX","Sample","Test_Compound451",4.02100103100883,0.406161720303922
"195",195,"Cell_LineX","Sample","Test_Compound848",9.10907940754858,0.920109031065514
"196",196,"Cell_LineX","Sample","Test_Compound326",2.61394504762362,0.264034853295315
"197",197,"Cell_LineX","Sample","Test_Compound178",5.93112302503888,0.599103335862513
"198",198,"Cell_LineX","Sample","Test_Compound189",9.78455271814667,0.988338658398654
"199",199,"Cell_LineX","Sample","Test_Compound437",9.41007287823551,0.950512411942981
"200",200,"Cell_LineX","Sample","Test_Compound290",9.85651657371859,0.99560773471905
"201",201,"Cell_LineX","Sample","Test_Compound648",9.47357238711469,0.956926503748958
"202",202,"Cell_LineX","Sample","Test_Compound650",9.54336437871563,0.963976199870266
"203",203,"Cell_LineX","Sample","Test_Compound169",9.76557060605149,0.986421273338534
"204",204,"Cell_LineX","Sample","Test_Compound492",3.28133738516769,0.331448220724009
"205",205,"Cell_LineX","Sample","Test_Compound408",9.56616003651393,0.966278791567064
"206",206,"Cell_LineX","Sample","Test_Compound634",9.57435722985186,0.967106790894127
"207",207,"Cell_LineX","Sample","Test_Compound822",8.4076664605594,0.849259238440343
"208",208,"Cell_LineX","Sample","Test_Compound881",6.44489903162315,0.650999902184157
"209",209,"Cell_LineX","Sample","Test_Compound147",9.41439929695877,0.95094942393523
"210",210,"Cell_LineX","Sample","Test_Compound231",8.99178937734428,0.908261553267099
"211",211,"Cell_LineX","Sample","Test_Compound215",8.68858334740986,0.877634681556552
"212",212,"Cell_LineX","Sample","Test_Compound790",9.89551748720158,0.999547220929452
"213",213,"Cell_LineX","Sample","Test_Compound158",9.3701880681017,0.946483643242596
"214",214,"Cell_LineX","Sample","Test_Compound06",9.79141020133374,0.989031333468055
"215",215,"Cell_LineX","Sample","Test_Compound351",9.53033749062621,0.962660352588506
"216",216,"Cell_LineX","Sample","Test_Compound227",9.07427491997606,0.916593426260208
"217",217,"Cell_LineX","Sample","Test_Compound734",9.36515649009227,0.945975403039623
"218",218,"Cell_LineX","Sample","Test_Compound546",4.97909234568166,0.502938620775925
"219",219,"Cell_LineX","Sample","Test_Compound455",8.39858693976347,0.848342115127623
"220",220,"Cell_LineX","Sample","Test_Compound669",8.81892229777637,0.890800232098623
"221",221,"Cell_LineX","Sample","Test_Compound199",6.49850823557103,0.656414973290003
"222",222,"Cell_LineX","Sample","Test_Compound302",5.61165979066386,0.566834322289279
"223",223,"Cell_LineX","Sample","Test_Compound504",3.94026124894675,0.398006186762298
"224",224,"Cell_LineX","Sample","Test_Compound786",8.90927092591061,0.899926356152587
"225",225,"Cell_LineX","Sample","Test_Compound496",9.66634870318565,0.976398858907642
"226",226,"Cell_LineX","Sample","Test_Compound774",9.43155977774395,0.952682805832722
"227",227,"Cell_LineX","Sample","Test_Compound632",9.12460442016229,0.921677214157807
"228",228,"Cell_LineX","Sample","Test_Compound802",9.35603753219977,0.945054296181795
"229",229,"Cell_LineX","Sample","Test_Compound18",6.89148171076832,0.696109263713972
"230",230,"Cell_LineX","Sample","Test_Compound156",9.61269991470968,0.970979789364615
"231",231,"Cell_LineX","Sample","Test_Compound251",9.57876346718685,0.967551865372409
"232",232,"Cell_LineX","Sample","Test_Compound176",4.45336069434506,0.449834413570208
"233",233,"Cell_LineX","Sample","Test_Compound825",9.79305707189424,0.989197684029721
"234",234,"Cell_LineX","Sample","Test_Compound99",9.70789490954853,0.980595445408942
"235",235,"Cell_LineX","Sample","Test_Compound676",9.72020494394181,0.981838883226446
"236",236,"Cell_LineX","Sample","Test_Compound589",9.80443400532325,0.990346869224571
"237",237,"Cell_LineX","Sample","Test_Compound752",9.53254786219241,0.962883622443678
"238",238,"Cell_LineX","Sample","Test_Compound170",9.5694777261693,0.966613911734272
"239",239,"Cell_LineX","Sample","Test_Compound590",8.89534710871142,0.89851990997085
"240",240,"Cell_LineX","Sample","Test_Compound175",1.56415143286043,0.157995094228326
"241",241,"Cell_LineX","Sample","Test_Compound759",9.55747776977957,0.965401794927229
"242",242,"Cell_LineX","Sample","Test_Compound834",9.55730163099087,0.965384003130391
"243",243,"Cell_LineX","Sample","Test_Compound441",6.55995859827629,0.662622080633969
"244",244,"Cell_LineX","Sample","Test_Compound758",9.43015788732857,0.95254120074026
"245",245,"Cell_LineX","Sample","Test_Compound192",9.77373964354329,0.987246428640737
"246",246,"Cell_LineX","Sample","Test_Compound570",9.46812013045521,0.956375770753051
"247",247,"Cell_LineX","Sample","Test_Compound685",9.75803923650411,0.985660528939809
"248",248,"Cell_LineX","Sample","Test_Compound355",3.53014472391914,0.356580275143347
"249",249,"Cell_LineX","Sample","Test_Compound02",4.14727960729445,0.418917132049944
"250",250,"Cell_LineX","Sample","Test_Compound289",9.56447354914532,0.966108439307608
"251",251,"Cell_LineX","Sample","Test_Compound146",4.4675623103514,0.451268920237515
"252",252,"Cell_LineX","Sample","Test_Compound615",9.64042155078003,0.973779954624246
"253",253,"Cell_LineX","Sample","Test_Compound803",3.04010135119368,0.307080944565018
"254",254,"Cell_LineX","Sample","Test_Compound529",9.41983823783254,0.951498811902277
"255",255,"Cell_LineX","Sample","Test_Compound665",9.65416347362816,0.975168027639209
"256",256,"Cell_LineX","Sample","Test_Compound883",9.29458312013601,0.938846779811719
"257",257,"Cell_LineX","Sample","Test_Compound876",9.75081151180428,0.984930455737806
"258",258,"Cell_LineX","Sample","Test_Compound161",9.73443146978053,0.983275906038437
"259",259,"Cell_LineX","Sample","Test_Compound107",7.29022700162603,0.736386565820811
"260",260,"Cell_LineX","Sample","Test_Compound47",9.33442735236735,0.942871449734075
"261",261,"Cell_LineX","Sample","Test_Compound401",NA,NA
"262",262,"Cell_LineX","Sample","Test_Compound200",9.75307534468693,0.985159125725953
"263",263,"Cell_LineX","Sample","Test_Compound137",1.25474252032913,0.126741668720114
"264",264,"Cell_LineX","Sample","Test_Compound149",9.50943817950042,0.960549311060649
"265",265,"Cell_LineX","Sample","Test_Compound123",6.87062913161809,0.694002942587686
"266",266,"Cell_LineX","Sample","Test_Compound68",5.37200067513332,0.542626330821547
"267",267,"Cell_LineX","Sample","Test_Compound383",9.59958303251624,0.969654851769317
"268",268,"Cell_LineX","Sample","Test_Compound477",8.24392191132713,0.832719384982538
"269",269,"Cell_LineX","Sample","Test_Compound337",5.57768886856698,0.563402916016867
"270",270,"Cell_LineX","Sample","Test_Compound771",9.74415987911567,0.984258573648047
"271",271,"Cell_LineX","Sample","Test_Compound840",9.6962627112244,0.979420475881252
"272",272,"Cell_LineX","Sample","Test_Compound249",8.70860536958302,0.879657108038689
"273",273,"Cell_LineX","Sample","Test_Compound862",9.68978588565397,0.978766251076159
"274",274,"Cell_LineX","Sample","Test_Compound359",9.6731727527886,0.977088156847333
"275",275,"Cell_LineX","Sample","Test_Compound278",9.83321024446682,0.993253560047154
"276",276,"Cell_LineX","Sample","Test_Compound212",6.62968330971317,0.669664980779108
"277",277,"Cell_LineX","Sample","Test_Compound253",9.51403556134588,0.96101369306524
"278",278,"Cell_LineX","Sample","Test_Compound141",9.49174763503225,0.958762387376994
"279",279,"Cell_LineX","Sample","Test_Compound502",6.5064004071977,0.657212162343202
"280",280,"Cell_LineX","Sample","Test_Compound595",8.4704831536521,0.855604358954757
"281",281,"Cell_LineX","Sample","Test_Compound616",9.17499978126485,0.926767654673217
"282",282,"Cell_LineX","Sample","Test_Compound77",9.78055047098834,0.987934391008923
"283",283,"Cell_LineX","Sample","Test_Compound204",9.80645551332502,0.990551061952022
"284",284,"Cell_LineX","Sample","Test_Compound579",9.64057373254342,0.973795326519537
"285",285,"Cell_LineX","Sample","Test_Compound32",9.76448178316029,0.986311291228313
"286",286,"Cell_LineX","Sample","Test_Compound456",4.55863485588532,0.460468167261144
"287",287,"Cell_LineX","Sample","Test_Compound710",8.67676792252978,0.876441204295937
"288",288,"Cell_LineX","Sample","Test_Compound464",9.84933134217412,0.994881953754962
"289",289,"Cell_LineX","Sample","Test_Compound753",9.79940562110265,0.98983895162653
"290",290,"Cell_LineX","Sample","Test_Compound452",2.63460820958548,0.266122041372271
"291",291,"Cell_LineX","Sample","Test_Compound541",9.74902226480361,0.984749723717536
"292",292,"Cell_LineX","Sample","Test_Compound463",9.59368192180735,0.969058779980541
"293",293,"Cell_LineX","Sample","Test_Compound828",9.02666204927215,0.911784045381025
"294",294,"Cell_LineX","Sample","Test_Compound230",9.09744548285017,0.918933887156582
"295",295,"Cell_LineX","Sample","Test_Compound370",3.04561133154971,0.307637508237345
"296",296,"Cell_LineX","Sample","Test_Compound422",9.5080860332827,0.960412730634616
"297",297,"Cell_LineX","Sample","Test_Compound449",9.61027781631383,0.970735132960993
"298",298,"Cell_LineX","Sample","Test_Compound82",7.54273155297553,0.761892076058135
"299",299,"Cell_LineX","Sample","Test_Compound510",9.1790034864736,0.927172069340768
"300",300,"Cell_LineX","Sample","Test_Compound380",9.58296486377787,0.967976248866452
"301",301,"Cell_LineX","Sample","Test_Compound533",9.64798890614549,0.97454433395409
"302",302,"Cell_LineX","Sample","Test_Compound71",4.79201350004896,0.484041767681713
"303",303,"Cell_LineX","Sample","Test_Compound799",7.18226936816918,0.725481754360523
"304",304,"Cell_LineX","Sample","Test_Compound94",5.41586617252763,0.547057189144205
"305",305,"Cell_LineX","Sample","Test_Compound830",9.67006953190256,0.976774700192178
"306",306,"Cell_LineX","Sample","Test_Compound246",9.75395724425826,0.985248206490733
"307",307,"Cell_LineX","Sample","Test_Compound25",7.22451587826774,0.729749078612903
"308",308,"Cell_LineX","Sample","Test_Compound654",9.66196968142405,0.975956533477176
"309",309,"Cell_LineX","Sample","Test_Compound815",8.76772844140383,0.885629135495336
"310",310,"Cell_LineX","Sample","Test_Compound103",9.73738686903334,0.983574431215489
"311",311,"Cell_LineX","Sample","Test_Compound219",8.13804869693611,0.822025120902637
"312",312,"Cell_LineX","Sample","Test_Compound131",9.38255982397223,0.947733315552751
"313",313,"Cell_LineX","Sample","Test_Compound270",9.67124546718933,0.976893481534276
"314",314,"Cell_LineX","Sample","Test_Compound713",9.7195545230719,0.981773184148677
"315",315,"Cell_LineX","Sample","Test_Compound554",9.51332903914009,0.960942327185868
"316",316,"Cell_LineX","Sample","Test_Compound852",2.88839053815384,0.291756620015539
"317",317,"Cell_LineX","Sample","Test_Compound410",7.80009593483806,0.78788847826647
"318",318,"Cell_LineX","Sample","Test_Compound116",9.82681513919788,0.992607589817967
"319",319,"Cell_LineX","Sample","Test_Compound763",9.47278640942963,0.956847112063599
"320",320,"Cell_LineX","Sample","Test_Compound87",9.67506888117172,0.977279684966841
"321",321,"Cell_LineX","Sample","Test_Compound333",2.70018554738686,0.272746014887562
"322",322,"Cell_LineX","Sample","Test_Compound505",9.35968732247832,0.945422961866497
"323",323,"Cell_LineX","Sample","Test_Compound673",9.60079439081569,0.969777211193504
"324",324,"Cell_LineX","Sample","Test_Compound237",9.78901842899985,0.988789740303015
"325",325,"Cell_LineX","Sample","Test_Compound742",4.52543506411218,0.457114652940624
"326",326,"Cell_LineX","Sample","Test_Compound859",9.23124172041305,0.93244865862758
"327",327,"Cell_LineX","Sample","Test_Compound498",9.7633757014603,0.98619956580407
"328",328,"Cell_LineX","Sample","Test_Compound453",9.63965181973862,0.973702204014002
"329",329,"Cell_LineX","Sample","Test_Compound568",9.55086533985397,0.964733872712522
"330",330,"Cell_LineX","Sample","Test_Compound26",5.95307630895933,0.601320839288821
"331",331,"Cell_LineX","Sample","Test_Compound539",9.58325115388046,0.968005167058632
"332",332,"Cell_LineX","Sample","Test_Compound871",9.81999091731983,0.991918274476751
"333",333,"Cell_LineX","Sample","Test_Compound530",8.53508810574407,0.86213011169132
"334",334,"Cell_LineX","Sample","Test_Compound165",9.56265387923526,0.965924634266188
"335",335,"Cell_LineX","Sample","Test_Compound138",9.44664991277318,0.95420706189628
"336",336,"Cell_LineX","Sample","Test_Compound853",3.34610046605836,0.337989946066501
"337",337,"Cell_LineX","Sample","Test_Compound393",9.79447171979538,0.989340577757109
"338",338,"Cell_LineX","Sample","Test_Compound641",9.75405979442963,0.985258565093902
"339",339,"Cell_LineX","Sample","Test_Compound01",9.17734754814467,0.927004802842896
"340",340,"Cell_LineX","Sample","Test_Compound577",8.8522487261443,0.894166537994374
"341",341,"Cell_LineX","Sample","Test_Compound689",9.61257955374113,0.970967631691024
"342",342,"Cell_LineX","Sample","Test_Compound692",8.31986739080367,0.840390645535724
"343",343,"Cell_LineX","Sample","Test_Compound280",9.80209589383006,0.990110696346471
"344",344,"Cell_LineX","Sample","Test_Compound454",7.76304152865701,0.784145608955254
"345",345,"Cell_LineX","Sample","Test_Compound210",6.18383783191764,0.624630084032085
"346",346,"Cell_LineX","Sample","Test_Compound564",7.65745188407438,0.773479988290341
"347",347,"Cell_LineX","Sample","Test_Compound675",9.79337799057578,0.98923010005816
"348",348,"Cell_LineX","Sample","Test_Compound60",9.52186002463841,0.961804042892768
"349",349,"Cell_LineX","Sample","Test_Compound51",9.58995028514833,0.96868184698468
"350",350,"Cell_LineX","Sample","Test_Compound680",9.75168232146444,0.98501841630954
"351",351,"Cell_LineX","Sample","Test_Compound488",9.70754283138297,0.980559881957875
"352",352,"Cell_LineX","Sample","Test_Compound750",8.77945426149872,0.886813561767548
"353",353,"Cell_LineX","Sample","Test_Compound371",8.95497132470877,0.904542558051391
"354",354,"Cell_LineX","Sample","Test_Compound168",2.65807918318323,0.268492846786185
"355",355,"Cell_LineX","Sample","Test_Compound491",9.64290583286219,0.974030892208302
"356",356,"Cell_LineX","Sample","Test_Compound582",9.76367934486248,0.986230236854795
"357",357,"Cell_LineX","Sample","Test_Compound20",9.59590506132819,0.9692833395281
"358",358,"Cell_LineX","Sample","Test_Compound581",9.53891560031325,0.96352682831447
"359",359,"Cell_LineX","Sample","Test_Compound313",0.897696066645183,0.0906763703682003
"360",360,"Cell_LineX","Sample","Test_Compound863",7.73740515272011,0.781556076032334
"361",361,"Cell_LineX","Sample","Test_Compound656",9.73778255424155,0.983614399418339
"362",362,"Cell_LineX","Sample","Test_Compound93",6.52415196296405,0.659005248784248
"363",363,"Cell_LineX","Sample","Test_Compound259",7.27215455950774,0.734561066616943
"364",364,"Cell_LineX","Sample","Test_Compound288",9.55890259147951,0.965545716311062
"365",365,"Cell_LineX","Sample","Test_Compound179",9.79385442649247,0.98927822489823
"366",366,"Cell_LineX","Sample","Test_Compound684",9.31052731114724,0.940457304156287
"367",367,"Cell_LineX","Sample","Test_Compound240",9.73452662375937,0.983285517551451
"368",368,"Cell_LineX","Sample","Test_Compound372",7.62413201209461,0.770114344656021
"369",369,"Cell_LineX","Sample","Test_Compound599",9.86306814781502,0.996269509880305
"370",370,"Cell_LineX","Sample","Test_Compound699",9.65411836397242,0.975163471108325
"371",371,"Cell_LineX","Sample","Test_Compound84",6.01403397358398,0.607478179149897
"372",372,"Cell_LineX","Sample","Test_Compound670",9.18703124128018,0.927982953664664
"373",373,"Cell_LineX","Sample","Test_Compound712",9.76636184055226,0.986501196015379
"374",374,"Cell_LineX","Sample","Test_Compound135",1.44769547875452,0.14623186654086
"375",375,"Cell_LineX","Sample","Test_Compound194",2.02858922161398,0.20490800218323
"376",376,"Cell_LineX","Sample","Test_Compound07",0.663018495054647,0.066971565157035
"377",377,"Cell_LineX","Sample","Test_Compound324",2.17441142773514,0.219637517953045
"378",378,"Cell_LineX","Sample","Test_Compound69",9.70306782188153,0.980107860796114
"379",379,"Cell_LineX","Sample","Test_Compound268",9.7280860129582,0.982634950803858
"380",380,"Cell_LineX","Sample","Test_Compound392",4.87966692726899,0.49289564921909
"381",381,"Cell_LineX","Sample","Test_Compound127",9.436148980513,0.95314636166798
"382",382,"Cell_LineX","Sample","Test_Compound575",5.7101298211352,0.576780790013657
"383",383,"Cell_LineX","Sample","Test_Compound95",9.7961659409367,0.989511711205727
"384",384,"Cell_LineX","Sample","Test_Compound31",9.74987154347104,0.984835509441519
"385",385,"Cell_LineX","Sample","Test_Compound108",5.38653028644819,0.5440939683281
"386",386,"Cell_LineX","Sample","Test_Compound306",8.13621815060067,0.821840217232391
"387",387,"Cell_LineX","Sample","Test_Compound435",9.71514199183299,0.981327473922524
"388",388,"Cell_LineX","Sample","Test_Compound201",1.47662798496548,0.149154341915705
"389",389,"Cell_LineX","Sample","Test_Compound223",2.44828345040849,0.247301358627121
"390",390,"Cell_LineX","Sample","Test_Compound766",9.49438406086881,0.959028693017052
"391",391,"Cell_LineX","Sample","Test_Compound365",2.34097196033908,0.236461814175664
"392",392,"Cell_LineX","Sample","Test_Compound330",9.69148539932695,0.978937919123934
"393",393,"Cell_LineX","Sample","Test_Compound864",9.10280395261205,0.919475146728489
"394",394,"Cell_LineX","Sample","Test_Compound755",9.72947740668365,0.982775495624612
"395",395,"Cell_LineX","Sample","Test_Compound262",7.53956277812709,0.761571997790615
"396",396,"Cell_LineX","Sample","Test_Compound524",9.73227199543474,0.98305777731664
"397",397,"Cell_LineX","Sample","Test_Compound272",9.73147166777885,0.982976936139278
"398",398,"Cell_LineX","Sample","Test_Compound747",8.69032755228652,0.877810863867325
"399",399,"Cell_LineX","Sample","Test_Compound744",9.38638020800433,0.94811921292973
"400",400,"Cell_LineX","Sample","Test_Compound233",9.28971315941351,0.938354864587223
"401",401,"Cell_LineX","Sample","Test_Compound719",9.78705036362869,0.98859094582108
"402",402,"Cell_LineX","Sample","Test_Compound517",9.62895222434795,0.972621436802823
"403",403,"Cell_LineX","Sample","Test_Compound810",9.64464486162327,0.974206551679119
"404",404,"Cell_LineX","Sample","Test_Compound806",9.33479868136263,0.942908957713397
"405",405,"Cell_LineX","Sample","Test_Compound716",9.61138718527319,0.970847190431636
"406",406,"Cell_LineX","Sample","Test_Compound788",5.44179887222216,0.549676653759814
"407",407,"Cell_LineX","Sample","Test_Compound79",2.35350898159539,0.23772817995913
"408",408,"Cell_LineX","Sample","Test_Compound309",9.70010920028581,0.97980901012988
"409",409,"Cell_LineX","Sample","Test_Compound195",9.65540099908177,0.97529303021028
"410",410,"Cell_LineX","Sample","Test_Compound520",9.64089078835593,0.973827352359185
"411",411,"Cell_LineX","Sample","Test_Compound307",6.26993445489527,0.633326712615684
"412",412,"Cell_LineX","Sample","Test_Compound523",9.66346844823147,0.976107924063785
"413",413,"Cell_LineX","Sample","Test_Compound52",9.51975682645133,0.961591598631448
"414",414,"Cell_LineX","Sample","Test_Compound12",7.05113981658465,0.712236345109561
"415",415,"Cell_LineX","Sample","Test_Compound376",9.5373427944904,0.963367959039434
"416",416,"Cell_LineX","Sample","Test_Compound849",5.79916084900911,0.585773823132234
"417",417,"Cell_LineX","Sample","Test_Compound232",8.06782002759731,0.81493131591892
"418",418,"Cell_LineX","Sample","Test_Compound683",9.72896816113089,0.982724056679888
"419",419,"Cell_LineX","Sample","Test_Compound213",9.35341926967884,0.944789825220085
"420",420,"Cell_LineX","Sample","Test_Compound718",9.24927862764762,0.934270568449255
"421",421,"Cell_LineX","Sample","Test_Compound696",8.23002101107988,0.831315253644433
"422",422,"Cell_LineX","Sample","Test_Compound516",8.81663964513169,0.890569661124413
"423",423,"Cell_LineX","Sample","Test_Compound363",9.77290451153916,0.987162071872643
"424",424,"Cell_LineX","Sample","Test_Compound527",9.44147026478503,0.953683865129801
"425",425,"Cell_LineX","Sample","Test_Compound789",9.59881843418673,0.969577619614821
"426",426,"Cell_LineX","Sample","Test_Compound462",8.68360374096551,0.877131691006617
"427",427,"Cell_LineX","Sample","Test_Compound157",5.44583111341219,0.550083950849716
"428",428,"Cell_LineX","Sample","Test_Compound287",9.76517009565588,0.986380817743018
"429",429,"Cell_LineX","Sample","Test_Compound414",9.72252702455302,0.982073436823537
"430",430,"Cell_LineX","Sample","Test_Compound361",9.49471527799527,0.959062149292452
"431",431,"Cell_LineX","Sample","Test_Compound681",6.720898460982,0.678878632422424
"432",432,"Cell_LineX","Sample","Test_Compound724",9.76289390923615,0.986150899922843
"433",433,"Cell_LineX","Sample","Test_Compound349",9.72361548211437,0.982183382031754
"434",434,"Cell_LineX","Sample","Test_Compound738",7.10348799997815,0.717524040401833
"435",435,"Cell_LineX","Sample","Test_Compound248",2.04566155111126,0.206632479910228
"436",436,"Cell_LineX","Sample","Test_Compound379",1.91068653659082,0.192998640059679
"437",437,"Cell_LineX","Sample","Test_Compound364",9.54938108880149,0.964583948363787
"438",438,"Cell_LineX","Sample","Test_Compound250",9.68465805671485,0.978248288557055
"439",439,"Cell_LineX","Sample","Test_Compound277",9.54998742262522,0.964645194204568
"440",440,"Cell_LineX","Sample","Test_Compound617",6.15141621512415,0.621355173244864
"441",441,"Cell_LineX","Sample","Test_Compound694",9.86767896697188,0.996735249189079
"442",442,"Cell_LineX","Sample","Test_Compound38",5.17045301600648,0.522267981414796
"443",443,"Cell_LineX","Sample","Test_Compound835",3.85218315754843,0.389109409853376
"444",444,"Cell_LineX","Sample","Test_Compound321",8.19570242211324,0.827848729506388
"445",445,"Cell_LineX","Sample","Test_Compound552",9.69607927063985,0.979401946529278
"446",446,"Cell_LineX","Sample","Test_Compound59",9.66450477691073,0.976212603728357
"447",447,"Cell_LineX","Sample","Test_Compound117",9.53558975195119,0.963190884035474
"448",448,"Cell_LineX","Sample","Test_Compound490",9.60802363753681,0.970507438135031
"449",449,"Cell_LineX","Sample","Test_Compound563",9.59352726899962,0.96904315848481
"450",450,"Cell_LineX","Sample","Test_Compound276",9.56617448038194,0.966280250543631
"451",451,"Cell_LineX","Sample","Test_Compound794",8.93110640689438,0.902131960292361
"452",452,"Cell_LineX","Sample","Test_Compound90",9.09948219345126,0.919139615500127
"453",453,"Cell_LineX","Sample","Test_Compound318",9.68238307703734,0.978018492630034
"454",454,"Cell_LineX","Sample","Test_Compound513",8.6806019069206,0.876828475446525
"455",455,"Cell_LineX","Sample","Test_Compound474",9.59687462130094,0.969381274878882
"456",456,"Cell_LineX","Sample","Test_Compound731",9.24266619885589,0.93360264634908
"457",457,"Cell_LineX","Sample","Test_Compound264",8.71412499807997,0.880214646270704
"458",458,"Cell_LineX","Sample","Test_Compound310",9.74496600232956,0.984340000235309
"459",459,"Cell_LineX","Sample","Test_Compound331",9.51537932117079,0.961149426380887
"460",460,"Cell_LineX","Sample","Test_Compound620",4.19261794399804,0.423496762020004
"461",461,"Cell_LineX","Sample","Test_Compound846",6.87028337630036,0.693968017808117
"462",462,"Cell_LineX","Sample","Test_Compound374",9.03708422590838,0.912836790495796
"463",463,"Cell_LineX","Sample","Test_Compound207",9.64533588169968,0.974276351686837
"464",464,"Cell_LineX","Sample","Test_Compound795",9.43682997820221,0.953215149313354
"465",465,"Cell_LineX","Sample","Test_Compound292",7.32417035944733,0.739815187822963
"466",466,"Cell_LineX","Sample","Test_Compound813",4.50269192131116,0.454817365789006
"467",467,"Cell_LineX","Sample","Test_Compound19",9.57003527126343,0.966670229420549
"468",468,"Cell_LineX","Sample","Test_Compound14",9.83238118221725,0.993169816385581
"469",469,"Cell_LineX","Sample","Test_Compound140",9.70657821772693,0.980462446235043
"470",470,"Cell_LineX","Sample","Test_Compound860",9.72617231197306,0.982441647674046
"471",471,"Cell_LineX","Sample","Test_Compound819",9.1788525614887,0.927156824392798
"472",472,"Cell_LineX","Sample","Test_Compound635",9.87729742567203,0.997706810673943
"473",473,"Cell_LineX","Sample","Test_Compound440",9.59734423344486,0.969428710448976
"474",474,"Cell_LineX","Sample","Test_Compound239",5.97999465444206,0.604039864085057
"475",475,"Cell_LineX","Sample","Test_Compound191",9.43738948216386,0.953271664865036
"476",476,"Cell_LineX","Sample","Test_Compound741",9.73634243812969,0.983468933144413
"477",477,"Cell_LineX","Sample","Test_Compound111",9.75784840095946,0.985641252622167
"478",478,"Cell_LineX","Sample","Test_Compound222",9.50259360857352,0.959857940259952
"479",479,"Cell_LineX","Sample","Test_Compound638",9.60760430672912,0.97046508148779
"480",480,"Cell_LineX","Sample","Test_Compound801",9.38790839069885,0.948273574818065
"481",481,"Cell_LineX","Sample","Test_Compound701",8.86442734405377,0.895396701419573
"482",482,"Cell_LineX","Sample","Test_Compound356",9.51341865457919,0.960951379250423
"483",483,"Cell_LineX","Sample","Test_Compound39",5.06994434927247,0.512115590835603
"484",484,"Cell_LineX","Sample","Test_Compound177",9.39707555489697,0.949199550999694
"485",485,"Cell_LineX","Sample","Test_Compound525",9.46979243893683,0.9565446908017
"486",486,"Cell_LineX","Sample","Test_Compound205",9.74230580363978,0.984071293296948
"487",487,"Cell_LineX","Sample","Test_Compound266",9.77069456661006,0.986938845112127
"488",488,"Cell_LineX","Sample","Test_Compound797",9.34643091859242,0.944083931170951
"489",489,"Cell_LineX","Sample","Test_Compound832",9.37119492093259,0.946585345548747
"490",490,"Cell_LineX","Sample","Test_Compound283",9.69099729071403,0.978888615223639
"491",491,"Cell_LineX","Sample","Test_Compound598",3.23482899606725,0.326750403643157
"492",492,"Cell_LineX","Sample","Test_Compound630",7.93900627303861,0.801919825559456
"493",493,"Cell_LineX","Sample","Test_Compound645",8.93277861181375,0.902300869880177
"494",494,"Cell_LineX","Sample","Test_Compound402",7.39165946921753,0.746632269617933
"495",495,"Cell_LineX","Sample","Test_Compound800",9.83974690833791,0.993913829125041
"496",496,"Cell_LineX","Sample","Test_Compound639",9.42292032694043,0.951810134034387
"497",497,"Cell_LineX","Sample","Test_Compound469",9.62413630392266,0.972134980194208
"498",498,"Cell_LineX","Sample","Test_Compound715",9.43403191453263,0.952932516619457
"499",499,"Cell_LineX","Sample","Test_Compound812",9.51793603138283,0.96140767993766
"500",500,"Cell_LineX","Sample","Test_Compound626",9.79362353577794,0.989254902603832
"501",501,"Cell_LineX","Sample","Test_Compound446",9.55301511729217,0.964951021948704
"502",502,"Cell_LineX","Sample","Test_Compound466",9.65447813680543,0.975199811798528
"503",503,"Cell_LineX","Sample","Test_Compound604",9.70624999841159,0.980429292768848
"504",504,"Cell_LineX","Sample","Test_Compound122",9.66170565782978,0.975929864427251
"505",505,"Cell_LineX","Sample","Test_Compound602",7.24276031526301,0.731591951036668
"506",506,"Cell_LineX","Sample","Test_Compound609",8.83611815263813,0.892537187135165
"507",507,"Cell_LineX","Sample","Test_Compound745",9.65668017706703,0.975422240107781
"508",508,"Cell_LineX","Sample","Test_Compound429",9.750161524733,0.98486480047808
"509",509,"Cell_LineX","Sample","Test_Compound58",7.42267001737729,0.749764648219928
"510",510,"Cell_LineX","Sample","Test_Compound666",9.74417746375231,0.98426034987397
"511",511,"Cell_LineX","Sample","Test_Compound672",9.79064371068616,0.98895391017032
"512",512,"Cell_LineX","Sample","Test_Compound721",9.54492839749846,0.964134181565501
"513",513,"Cell_LineX","Sample","Test_Compound439",9.7382373440971,0.983660337787586
"514",514,"Cell_LineX","Sample","Test_Compound468",9.53659315589706,0.9632922379694
"515",515,"Cell_LineX","Sample","Test_Compound89",9.5236443143955,0.961984274181363
"516",516,"Cell_LineX","Sample","Test_Compound155",9.19934055684955,0.929226318873692
"517",517,"Cell_LineX","Sample","Test_Compound214",9.81148399880181,0.991058989777961
"518",518,"Cell_LineX","Sample","Test_Compound417",7.03605693609344,0.71071282182762
"519",519,"Cell_LineX","Sample","Test_Compound34",9.4739661090364,0.95696627364004
"520",520,"Cell_LineX","Sample","Test_Compound780",7.9595493768851,0.80399488655405
"521",521,"Cell_LineX","Sample","Test_Compound338",9.72308646673678,0.982129946135028
"522",522,"Cell_LineX","Sample","Test_Compound561",8.85808575452881,0.894756136821092
"523",523,"Cell_LineX","Sample","Test_Compound389",9.6099225406247,0.970699246527748
"524",524,"Cell_LineX","Sample","Test_Compound91",6.49683696134679,0.656246157711797
"525",525,"Cell_LineX","Sample","Test_Compound40",9.69053293383869,0.978841710488757
"526",526,"Cell_LineX","Sample","Test_Compound704",NA,NA
"527",527,"Cell_LineX","Sample","Test_Compound450",9.54014139285258,0.963650645742685
"528",528,"Cell_LineX","Sample","Test_Compound221",9.74461223464905,0.984304266126167
"529",529,"Cell_LineX","Sample","Test_Compound415",9.72437075364072,0.982259672084921
"530",530,"Cell_LineX","Sample","Test_Compound354",7.50850123479679,0.758434468161291
"531",531,"Cell_LineX","Sample","Test_Compound328",5.73598248997297,0.57939217070434
"532",532,"Cell_LineX","Sample","Test_Compound126",9.62157612562253,0.971876376325508
"533",533,"Cell_LineX","Sample","Test_Compound818",9.35051932876222,0.944496901895174
"534",534,"Cell_LineX","Sample","Test_Compound461",9.67090480872041,0.976859071587921
"535",535,"Cell_LineX","Sample","Test_Compound64",8.72990631542792,0.881808718730093
"536",536,"Cell_LineX","Sample","Test_Compound624",9.88687535965358,0.998674278752887
"537",537,"Cell_LineX","Sample","Test_Compound614",8.69463762465934,0.878246224713065
"538",538,"Cell_LineX","Sample","Test_Compound377",4.97285193272751,0.502308276033081
"539",539,"Cell_LineX","Sample","Test_Compound625",9.67041400449783,0.976809495403821
"540",540,"Cell_LineX","Sample","Test_Compound596",8.37595388429606,0.846055947908693
"541",541,"Cell_LineX","Sample","Test_Compound820",9.73015849894712,0.982844292822942
"542",542,"Cell_LineX","Sample","Test_Compound562",6.06813857513283,0.612943290417458
"543",543,"Cell_LineX","Sample","Test_Compound119",9.79917548787133,0.989815705845589
"544",544,"Cell_LineX","Sample","Test_Compound198",5.67151055813505,0.572879854357076
"545",545,"Cell_LineX","Sample","Test_Compound578",7.73878562293453,0.781695517468135
"546",546,"Cell_LineX","Sample","Test_Compound865",7.82663366994117,0.790569057569815
"547",547,"Cell_LineX","Sample","Test_Compound182",9.78524566447778,0.988408652977553
"548",548,"Cell_LineX","Sample","Test_Compound404",3.60938569395531,0.364584413530839
"549",549,"Cell_LineX","Sample","Test_Compound637",5.74415783765344,0.580217963399338
"550",550,"Cell_LineX","Sample","Test_Compound05",9.82915702300184,0.99284414373756
"551",551,"Cell_LineX","Sample","Test_Compound553",9.49513577929875,0.959104624171591
"552",552,"Cell_LineX","Sample","Test_Compound269",9.797920626568,0.989688952178586
"553",553,"Cell_LineX","Sample","Test_Compound875",9.76800207497045,0.986666876259641
"554",554,"Cell_LineX","Sample","Test_Compound428",9.07705413551763,0.91687415510279
"555",555,"Cell_LineX","Sample","Test_Compound162",9.62204730742644,0.971923970447115
"556",556,"Cell_LineX","Sample","Test_Compound761",9.21174531538943,0.930479324786811
"557",557,"Cell_LineX","Sample","Test_Compound129",9.5411877336116,0.963756336728444
"558",558,"Cell_LineX","Sample","Test_Compound874",9.60088911437352,0.969786779229649
"559",559,"Cell_LineX","Sample","Test_Compound545",9.72613725777228,0.982438106845685
"560",560,"Cell_LineX","Sample","Test_Compound45",9.70002733553616,0.979800740963248
"561",561,"Cell_LineX","Sample","Test_Compound83",9.72333350147039,0.982154899138423
"562",562,"Cell_LineX","Sample","Test_Compound515",9.59379507264287,0.969070209357866
"563",563,"Cell_LineX","Sample","Test_Compound542",9.74287172055223,0.984128456621438
"564",564,"Cell_LineX","Sample","Test_Compound662",9.38344739020492,0.947822968707568
"565",565,"Cell_LineX","Sample","Test_Compound628",9.62343737507928,0.972064381321139
"566",566,"Cell_LineX","Sample","Test_Compound419",9.65626719854184,0.975380525105237
"567",567,"Cell_LineX","Sample","Test_Compound22",9.72482769452974,0.982305827730277
"568",568,"Cell_LineX","Sample","Test_Compound532",9.73271680801127,0.983102707879926
"569",569,"Cell_LineX","Sample","Test_Compound829",9.6904288062086,0.978831192546323
"570",570,"Cell_LineX","Sample","Test_Compound583",9.66077706020224,0.975836066687094
"571",571,"Cell_LineX","Sample","Test_Compound67",9.37026146785222,0.94649105735881
"572",572,"Cell_LineX","Sample","Test_Compound291",9.64280199170614,0.97402040320264
"573",573,"Cell_LineX","Sample","Test_Compound765",6.75650126079974,0.682474874828257
"574",574,"Cell_LineX","Sample","Test_Compound613",2.57818104111621,0.260422327385476
"575",575,"Cell_LineX","Sample","Test_Compound336",9.4524796877135,0.954795928051868
"576",576,"Cell_LineX","Sample","Test_Compound777",5.69395629046373,0.575147100046842
"577",577,"Cell_LineX","Sample","Test_Compound457",9.48651960669178,0.958234303706241
"578",578,"Cell_LineX","Sample","Test_Compound109",6.35729173191556,0.64215067999147
"579",579,"Cell_LineX","Sample","Test_Compound856",9.70342433313886,0.980143872034228
"580",580,"Cell_LineX","Sample","Test_Compound814",9.49563196496843,0.959154743936205
"581",581,"Cell_LineX","Sample","Test_Compound226",5.92294038562681,0.598276806628971
"582",582,"Cell_LineX","Sample","Test_Compound497",9.45904151243081,0.955458738629375
"583",583,"Cell_LineX","Sample","Test_Compound668",6.13578937599742,0.619776704646204
"584",584,"Cell_LineX","Sample","Test_Compound185",2.51063777774391,0.253599775529687
"585",585,"Cell_LineX","Sample","Test_Compound807",9.03631127395273,0.912758714540679
"586",586,"Cell_LineX","Sample","Test_Compound50",9.56540537365479,0.966202562995434
"587",587,"Cell_LineX","Sample","Test_Compound465",7.49617373117001,0.757189265774748
"588",588,"Cell_LineX","Sample","Test_Compound671",9.59712620159447,0.969406687029745
"589",589,"Cell_LineX","Sample","Test_Compound183",9.6919723013795,0.978987101149445
"590",590,"Cell_LineX","Sample","Test_Compound133",9.76932864511171,0.986800873243607
"591",591,"Cell_LineX","Sample","Test_Compound821",9.34963063382783,0.944407134730084
"592",592,"Cell_LineX","Sample","Test_Compound235",5.98195489757049,0.604237868441464
"593",593,"Cell_LineX","Sample","Test_Compound395",9.86569270917017,0.996534617087896
"594",594,"Cell_LineX","Sample","Test_Compound447",8.42808759255849,0.851321979046312
"595",595,"Cell_LineX","Sample","Test_Compound585",9.76331872542894,0.986193810649388
"596",596,"Cell_LineX","Sample","Test_Compound229",9.56195189172922,0.965853726437295
"597",597,"Cell_LineX","Sample","Test_Compound536",4.69137175578853,0.473875934928134
"598",598,"Cell_LineX","Sample","Test_Compound597",9.6663715425792,0.976401165917091
"599",599,"Cell_LineX","Sample","Test_Compound623",9.06068687359375,0.915220896322601
"600",600,"Cell_LineX","Sample","Test_Compound121",8.89452295610077,0.898436662232401
"601",601,"Cell_LineX","Sample","Test_Compound663",9.55604856566125,0.965257430874874
"602",602,"Cell_LineX","Sample","Test_Compound348",6.15270209278064,0.621485059876832
"603",603,"Cell_LineX","Sample","Test_Compound281",8.61433823975945,0.870135175733277
"604",604,"Cell_LineX","Sample","Test_Compound518",9.7730372304682,0.987175477825071
"605",605,"Cell_LineX","Sample","Test_Compound494",9.74220525943357,0.984061137316523
"606",606,"Cell_LineX","Sample","Test_Compound394",6.56045200888269,0.66267192008916
"607",607,"Cell_LineX","Sample","Test_Compound817",9.51206650071259,0.960814798051776
"608",608,"Cell_LineX","Sample","Test_Compound421",9.81619771398841,0.991535122625091
"609",609,"Cell_LineX","Sample","Test_Compound267",6.06561980841284,0.61268886953665
"610",610,"Cell_LineX","Sample","Test_Compound13",9.77030960322126,0.986899959921339
"611",611,"Cell_LineX","Sample","Test_Compound353",8.1376105017885,0.821980858766515
"612",612,"Cell_LineX","Sample","Test_Compound557",9.50335645784913,0.959934995742336
"613",613,"Cell_LineX","Sample","Test_Compound779",9.55402116950015,0.965052643383853
"614",614,"Cell_LineX","Sample","Test_Compound187",9.78442679188327,0.988325938574067
"615",615,"Cell_LineX","Sample","Test_Compound479",9.63171018890231,0.972900019081042
"616",616,"Cell_LineX","Sample","Test_Compound473",9.74086438327258,0.983925695280059
"617",617,"Cell_LineX","Sample","Test_Compound54",9.20682053133607,0.929981871852128
"618",618,"Cell_LineX","Sample","Test_Compound556",9.67403374745481,0.977175126005537
"619",619,"Cell_LineX","Sample","Test_Compound164",7.27783694661211,0.735135045112334
"620",620,"Cell_LineX","Sample","Test_Compound526",9.11297600943167,0.92050262721532
"621",621,"Cell_LineX","Sample","Test_Compound686",9.52128809107302,0.961746271825557
"622",622,"Cell_LineX","Sample","Test_Compound53",9.72540821760936,0.982364466425187
"623",623,"Cell_LineX","Sample","Test_Compound866",9.81843645247306,0.991761257825561
"624",624,"Cell_LineX","Sample","Test_Compound420",8.91927234684331,0.900936600691244
"625",625,"Cell_LineX","Sample","Test_Compound489",9.69692255872315,0.979487127143752
"626",626,"Cell_LineX","Sample","Test_Compound711",9.76423012441962,0.986285871153497
"627",627,"Cell_LineX","Sample","Test_Compound444",9.65820348690458,0.975576109788342
"628",628,"Cell_LineX","Sample","Test_Compound196",9.74017272485943,0.983855830793882
"629",629,"Cell_LineX","Sample","Test_Compound385",3.72998052749039,0.376765709847514
"630",630,"Cell_LineX","Sample","Test_Compound839",9.57391837677531,0.967062462300536
"631",631,"Cell_LineX","Sample","Test_Compound678",9.6277848774005,0.972503522969747
"632",632,"Cell_LineX","Sample","Test_Compound690",9.02012070883369,0.911123303922595
"633",633,"Cell_LineX","Sample","Test_Compound206",9.77748948626115,0.987625200632439
"634",634,"Cell_LineX","Sample","Test_Compound04",9.78326109273451,0.988208191185304
"635",635,"Cell_LineX","Sample","Test_Compound499",6.50557062269408,0.657128345726675
"636",636,"Cell_LineX","Sample","Test_Compound869",9.7597662396639,0.985834973703424
"637",637,"Cell_LineX","Sample","Test_Compound325",9.31141424572299,0.940546893507373
"638",638,"Cell_LineX","Sample","Test_Compound778",9.6177035568578,0.971485207763415
"639",639,"Cell_LineX","Sample","Test_Compound427",8.73362336787191,0.882184178572921
"640",640,"Cell_LineX","Sample","Test_Compound726",9.76616344465577,0.986481156025835
"641",641,"Cell_LineX","Sample","Test_Compound782",9.72948714527632,0.98277647932084
"642",642,"Cell_LineX","Sample","Test_Compound660",3.27021174422528,0.330324418608614
"643",643,"Cell_LineX","Sample","Test_Compound698",2.43767563906466,0.246229862531784
"644",644,"Cell_LineX","Sample","Test_Compound550",9.72027496045544,0.98184595560156
"645",645,"Cell_LineX","Sample","Test_Compound647",6.80665707070688,0.68754111825322
"646",646,"Cell_LineX","Sample","Test_Compound511",9.34203665855145,0.943640066520349
"647",647,"Cell_LineX","Sample","Test_Compound785",9.57574041367074,0.967246506431388
"648",648,"Cell_LineX","Sample","Test_Compound151",9.51713088773136,0.961326352296097
"649",649,"Cell_LineX","Sample","Test_Compound416",3.88853019989822,0.392780828272548
"650",650,"Cell_LineX","Sample","Test_Compound297",9.80953926683445,0.9908625522055
"651",651,"Cell_LineX","Sample","Test_Compound21",9.78417678542331,0.988300685396293
"652",652,"Cell_LineX","Sample","Test_Compound190",9.66930953610253,0.976697932939649
"653",653,"Cell_LineX","Sample","Test_Compound655",9.77556454537413,0.987430762159003
"654",654,"Cell_LineX","Sample","Test_Compound543",9.68685343271078,0.978470043708159
"655",655,"Cell_LineX","Sample","Test_Compound717",9.45666609975129,0.955218797954676
"656",656,"Cell_LineX","Sample","Test_Compound28",9.81611240852434,0.99152650591155
"657",657,"Cell_LineX","Sample","Test_Compound714",9.32482141601258,0.941901153132583
"658",658,"Cell_LineX","Sample","Test_Compound41",7.88341146930083,0.796304188818265
"659",659,"Cell_LineX","Sample","Test_Compound243",1.90527167575827,0.192451684420027
"660",660,"Cell_LineX","Sample","Test_Compound159",8.8597720863227,0.894926473365929
"661",661,"Cell_LineX","Sample","Test_Compound769",9.27377505789038,0.936744955342463
"662",662,"Cell_LineX","Sample","Test_Compound740",9.67990660251535,0.977768343688419
"663",663,"Cell_LineX","Sample","Test_Compound298",9.75015001268008,0.984863637644452
"664",664,"Cell_LineX","Sample","Test_Compound548",7.12772034215501,0.719971751732829
"665",665,"Cell_LineX","Sample","Test_Compound772",7.59199196945591,0.766867875702617
"666",666,"Cell_LineX","Sample","Test_Compound396",9.60971463532699,0.970678245992625
"667",667,"Cell_LineX","Sample","Test_Compound472",9.69292528894043,0.979083362519235
"668",668,"Cell_LineX","Sample","Test_Compound674",9.69097390694167,0.978886253226431
"669",669,"Cell_LineX","Sample","Test_Compound500",7.37235308317494,0.744682129613631
"670",670,"Cell_LineX","Sample","Test_Compound136",8.37710706816887,0.846172431128169
"671",671,"Cell_LineX","Sample","Test_Compound387",9.79610367288546,0.989505421503581
"672",672,"Cell_LineX","Sample","Test_Compound793",9.86404607634485,0.996368290539884
"673",673,"Cell_LineX","Sample","Test_Compound811",9.70972524972846,0.9807803282554
"674",674,"Cell_LineX","Sample","Test_Compound134",9.18546916170886,0.927825167849379
"675",675,"Cell_LineX","Sample","Test_Compound418",9.41133917515901,0.950640320723132
"676",676,"Cell_LineX","Sample","Test_Compound426",9.76242173978218,0.986103206038604
"677",677,"Cell_LineX","Sample","Test_Compound434",2.77848977828405,0.280655533160006
"678",678,"Cell_LineX","Sample","Test_Compound770",9.68273847643,0.978054391558585
"679",679,"Cell_LineX","Sample","Test_Compound649",8.67447079236702,0.876209170946164
"680",680,"Cell_LineX","Sample","Test_Compound96",6.83385494863216,0.690288378649713
"681",681,"Cell_LineX","Sample","Test_Compound375",9.74294662300123,0.984136022525377
"682",682,"Cell_LineX","Sample","Test_Compound478",9.66503440025172,0.976266101035528
"683",683,"Cell_LineX","Sample","Test_Compound873",9.63358876988978,0.973089774736342
"684",684,"Cell_LineX","Sample","Test_Compound844",3.72804456812722,0.376570158396689
"685",685,"Cell_LineX","Sample","Test_Compound386",9.09237172180035,0.918421386040439
"686",686,"Cell_LineX","Sample","Test_Compound566",9.52559586936831,0.962181400946294
"687",687,"Cell_LineX","Sample","Test_Compound340",9.6400164291319,0.973739033245646
"688",688,"Cell_LineX","Sample","Test_Compound305",9.46400956838376,0.955960562463006
"689",689,"Cell_LineX","Sample","Test_Compound152",2.06501693490953,0.208587569182781
"690",690,"Cell_LineX","Sample","Test_Compound244",9.41941005523341,0.951455561134687
"691",691,"Cell_LineX","Sample","Test_Compound664",9.49456687102206,0.959047158689096
"692",692,"Cell_LineX","Sample","Test_Compound837",4.32077628644115,0.43644204913547
"693",693,"Cell_LineX","Sample","Test_Compound808",9.37640827797513,0.947111947270215
"694",694,"Cell_LineX","Sample","Test_Compound238",7.63630888862304,0.771344332184146
"695",695,"Cell_LineX","Sample","Test_Compound484",9.67406092105035,0.977177870813166
"696",696,"Cell_LineX","Sample","Test_Compound535",9.81979986333604,0.991898976094549
"697",697,"Cell_LineX","Sample","Test_Compound29",9.48440825562202,0.958021035921416
"698",698,"Cell_LineX","Sample","Test_Compound367",9.40440435702273,0.9499398340427
"699",699,"Cell_LineX","Sample","Test_Compound565",9.63797421840392,0.973532749333729
"700",700,"Cell_LineX","Sample","Test_Compound197",9.49984934646151,0.959580742066819
"701",701,"Cell_LineX","Sample","Test_Compound560",9.60199006110644,0.969897985970348
"702",702,"Cell_LineX","Sample","Test_Compound438",4.25101408486566,0.429395362107643
"703",703,"Cell_LineX","Sample","Test_Compound236",3.71742243290742,0.375497215445194
"704",704,"Cell_LineX","Sample","Test_Compound521",9.16631403001179,0.925890306061797
"705",705,"Cell_LineX","Sample","Test_Compound209",9.77816739355533,0.987693676116699
"706",706,"Cell_LineX","Sample","Test_Compound509",9.40871446895017,0.950375198883856
"707",707,"Cell_LineX","Sample","Test_Compound65",2.44260984939441,0.246728267615597
"708",708,"Cell_LineX","Sample","Test_Compound610",7.83942497958018,0.791861109048502
"709",709,"Cell_LineX","Sample","Test_Compound619",9.82964668758858,0.992893604806927
"710",710,"Cell_LineX","Sample","Test_Compound42",9.49840538450299,0.959434887323535
"711",711,"Cell_LineX","Sample","Test_Compound293",9.79819809034431,0.989716978822658
"712",712,"Cell_LineX","Sample","Test_Compound81",6.71892074285856,0.678678862915006
"713",713,"Cell_LineX","Sample","Test_Compound512",5.61300919465884,0.566970625723115
"714",714,"Cell_LineX","Sample","Test_Compound424",7.11616936067342,0.718804985926608
"715",715,"Cell_LineX","Sample","Test_Compound644",9.75175828038062,0.985026088927335
"716",716,"Cell_LineX","Sample","Test_Compound344",9.52669954600167,0.962292883434512
"717",717,"Cell_LineX","Sample","Test_Compound646",9.55811413987952,0.965466074735305
"718",718,"Cell_LineX","Sample","Test_Compound342",9.67980703082456,0.977758285941875
"719",719,"Cell_LineX","Sample","Test_Compound739",9.60121439472666,0.969819635830975
"720",720,"Cell_LineX","Sample","Test_Compound75",9.72623463512591,0.982447942942011
"721",721,"Cell_LineX","Sample","Test_Compound611",9.61453582586724,0.971165234936085
"722",722,"Cell_LineX","Sample","Test_Compound61",2.23165401984745,0.225419597964389
"723",723,"Cell_LineX","Sample","Test_Compound294",9.78652496450099,0.98853787520212
"724",724,"Cell_LineX","Sample","Test_Compound113",6.32728078531649,0.63911927124409
"725",725,"Cell_LineX","Sample","Test_Compound329",7.02372980652572,0.70946765722482
"726",726,"Cell_LineX","Sample","Test_Compound723",9.71404165145406,0.981216328429703
"727",727,"Cell_LineX","Sample","Test_Compound46",9.68151188287188,0.977930493219382
"728",728,"Cell_LineX","Sample","Test_Compound188",9.57675808554762,0.967349301570467
"729",729,"Cell_LineX","Sample","Test_Compound857",9.52634813020801,0.962257386889698
"730",730,"Cell_LineX","Sample","Test_Compound265",9.80145630564643,0.990046091479437
"731",731,"Cell_LineX","Sample","Test_Compound142",3.9908175592419,0.403112884771909
"732",732,"Cell_LineX","Sample","Test_Compound476",7.12715058284968,0.719914200287847
"733",733,"Cell_LineX","Sample","Test_Compound708",9.74695169840327,0.98454057559629
"734",734,"Cell_LineX","Sample","Test_Compound154",5.4039937453543,0.545857954076192
"735",735,"Cell_LineX","Sample","Test_Compound368",9.67576023261813,0.977349518446275
"736",736,"Cell_LineX","Sample","Test_Compound764",9.64766672188454,0.974511790089348
"737",737,"Cell_LineX","Sample","Test_Compound445",9.72327747300435,0.982149239697409
"738",738,"Cell_LineX","Sample","Test_Compound776",9.66472368532362,0.976234715689255
"739",739,"Cell_LineX","Sample","Test_Compound105",9.78625685207025,0.988510793138409
"740",740,"Cell_LineX","Sample","Test_Compound217",2.32584174493853,0.23493350958975
"741",741,"Cell_LineX","Sample","Test_Compound436",9.76079300737891,0.985938687614032
"742",742,"Cell_LineX","Sample","Test_Compound166",9.6644532328823,0.976207397260838
"743",743,"Cell_LineX","Sample","Test_Compound700",9.80609942078982,0.990515093009072
"744",744,"Cell_LineX","Sample","Test_Compound369",9.76412423260125,0.986275175010227
"745",745,"Cell_LineX","Sample","Test_Compound519",9.19174214262472,0.928458802285325
"746",746,"Cell_LineX","Sample","Test_Compound282",9.62244665292344,0.971964308376105
"747",747,"Cell_LineX","Sample","Test_Compound580",9.33625090139851,0.943055646605911
"748",748,"Cell_LineX","Sample","Test_Compound480",9.42078226888747,0.951594168574492
"749",749,"Cell_LineX","Sample","Test_Compound679",9.6061662382632,0.970319822046788
"750",750,"Cell_LineX","Sample","Test_Compound720",2.26615655481707,0.228904702506775
"751",751,"Cell_LineX","Sample","Test_Compound220",9.59266185503953,0.968955742933286
"752",752,"Cell_LineX","Sample","Test_Compound824",9.67852397942943,0.977628684790851
"753",753,"Cell_LineX","Sample","Test_Compound145",8.76819946181402,0.885676713314548
"754",754,"Cell_LineX","Sample","Test_Compound399",0.792161075219137,0.0800162702241553
"755",755,"Cell_LineX","Sample","Test_Compound702",9.25179568771336,0.934524816940743
"756",756,"Cell_LineX","Sample","Test_Compound405",9.5775036566923,0.967424611787101
"757",757,"Cell_LineX","Sample","Test_Compound378",5.59599663057844,0.565252184906913
"758",758,"Cell_LineX","Sample","Test_Compound608",3.29363288542134,0.3326901904466
"759",759,"Cell_LineX","Sample","Test_Compound256",9.18177596309851,0.927452117484698
"760",760,"Cell_LineX","Sample","Test_Compound11",6.65669589165521,0.672393524409617
"761",761,"Cell_LineX","Sample","Test_Compound63",9.60638870690928,0.9703422936272
"762",762,"Cell_LineX","Sample","Test_Compound174",9.43013945548976,0.95253933893836
"763",763,"Cell_LineX","Sample","Test_Compound555",9.78834461363403,0.988721678144851
"764",764,"Cell_LineX","Sample","Test_Compound722",9.24064721741923,0.933398708830225
"765",765,"Cell_LineX","Sample","Test_Compound55",9.74438841435021,0.984281658015173
"766",766,"Cell_LineX","Sample","Test_Compound850",9.56593108504699,0.966255665156262
"767",767,"Cell_LineX","Sample","Test_Compound228",8.38743134158322,0.847215287028608
"768",768,"Cell_LineX","Sample","Test_Compound225",9.68447978558887,0.978230281372613
"769",769,"Cell_LineX","Sample","Test_Compound754",9.72247252636764,0.982067931956327
"770",770,"Cell_LineX","Sample","Test_Compound877",8.83324503790336,0.892246973525592
"771",771,"Cell_LineX","Sample","Test_Compound112",9.71712193656003,0.981527468339397
"772",772,"Cell_LineX","Sample","Test_Compound339",9.67981704592913,0.977759297568598
"773",773,"Cell_LineX","Sample","Test_Compound431",6.13436725540898,0.619633056101917
"774",774,"Cell_LineX","Sample","Test_Compound411",8.7326104291755,0.882081861532878
"775",775,"Cell_LineX","Sample","Test_Compound483",9.62619914561337,0.972343348041754
"776",776,"Cell_LineX","Sample","Test_Compound816",8.55117608072904,0.8637551596696
"777",777,"Cell_LineX","Sample","Test_Compound762",9.16361117859302,0.925617290766972
"778",778,"Cell_LineX","Sample","Test_Compound319",9.61610739091896,0.971323978880703
"779",779,"Cell_LineX","Sample","Test_Compound124",0.89809038245906,0.0907162002483899
"780",780,"Cell_LineX","Sample","Test_Compound332",8.39094703548768,0.847570407625018
"781",781,"Cell_LineX","Sample","Test_Compound285",9.80466613278525,0.990370316442954
"782",782,"Cell_LineX","Sample","Test_Compound57",9.63257745192661,0.972987621406729
"783",783,"Cell_LineX","Sample","Test_Compound274",9.77363690712719,0.987236051224968
"784",784,"Cell_LineX","Sample","Test_Compound299",9.39066826264111,0.948552349761728
"785",785,"Cell_LineX","Sample","Test_Compound642",9.6968950443864,0.979484347917818
"786",786,"Cell_LineX","Sample","Test_Compound547",9.6956942399651,0.979363054541929
"787",787,"Cell_LineX","Sample","Test_Compound470",5.61978715772465,0.567655268457035
"788",788,"Cell_LineX","Sample","Test_Compound301",9.57367924660045,0.96703830773742
"789",789,"Cell_LineX","Sample","Test_Compound805",9.70834181414324,0.980640587287196
"790",790,"Cell_LineX","Sample","Test_Compound551",9.67736370881756,0.977511485739147
"791",791,"Cell_LineX","Sample","Test_Compound730",9.69178280819564,0.978967960423802
"792",792,"Cell_LineX","Sample","Test_Compound49",9.24816968448334,0.934158553988216
"793",793,"Cell_LineX","Sample","Test_Compound486",9.43900512402635,0.953434861012762
"794",794,"Cell_LineX","Sample","Test_Compound872",8.28847300067569,0.837219495017747
"795",795,"Cell_LineX","Sample","Test_Compound33",9.73617577091948,0.983452098072675
"796",796,"Cell_LineX","Sample","Test_Compound85",8.43456264494673,0.851976024742094
"797",797,"Cell_LineX","Sample","Test_Compound737",9.6772650426798,0.977501519462606
"798",798,"Cell_LineX","Sample","Test_Compound735",9.16972682048226,0.926235032371945
"799",799,"Cell_LineX","Sample","Test_Compound522",7.25129097789906,0.732453634131218
"800",800,"Cell_LineX","Sample","Test_Compound682",9.81051677473387,0.990961290377159
"801",801,"Cell_LineX","Sample","Test_Compound584",9.76842994506056,0.986710095460663
"802",802,"Cell_LineX","Sample","Test_Compound443",9.79191705246467,0.989082530551986
"803",803,"Cell_LineX","Sample","Test_Compound467",9.62869814861446,0.972595772587319
"804",804,"Cell_LineX","Sample","Test_Compound591",9.12943418236221,0.922165068925475
"805",805,"Cell_LineX","Sample","Test_Compound296",3.34039599026266,0.337413736390168
"806",806,"Cell_LineX","Sample","Test_Compound295",8.71610024977581,0.880414166644021
"807",807,"Cell_LineX","Sample","Test_Compound831",9.09607180170624,0.918795131485479
"808",808,"Cell_LineX","Sample","Test_Compound397",9.45215495622813,0.95476312689173
"809",809,"Cell_LineX","Sample","Test_Compound398",9.80390298018609,0.990293230321827
"810",810,"Cell_LineX","Sample","Test_Compound658",9.7609655110883,0.985956112231142
"811",811,"Cell_LineX","Sample","Test_Compound102",4.30200969925921,0.434546434268607
"812",812,"Cell_LineX","Sample","Test_Compound798",8.37064198427606,0.845519392351117
"813",813,"Cell_LineX","Sample","Test_Compound841",9.54112850220206,0.963750353757784
"814",814,"Cell_LineX","Sample","Test_Compound97",1.35396347351099,0.136763987223333
"815",815,"Cell_LineX","Sample","Test_Compound459",1.79605375325051,0.181419571035405
"816",816,"Cell_LineX","Sample","Test_Compound659",9.66040868347751,0.97579885691692
"817",817,"Cell_LineX","Sample","Test_Compound760",9.4966730439376,0.95925990342804
"818",818,"Cell_LineX","Sample","Test_Compound16",9.76534889350397,0.986398878131714
"819",819,"Cell_LineX","Sample","Test_Compound43",9.63936758557746,0.973673493492673
"820",820,"Cell_LineX","Sample","Test_Compound653",9.7671486156924,0.986580668251757
"821",821,"Cell_LineX","Sample","Test_Compound143",9.57951968950774,0.967628251465428
"822",822,"Cell_LineX","Sample","Test_Compound76",9.57577135943802,0.967249632266466
"823",823,"Cell_LineX","Sample","Test_Compound606",8.1795715033371,0.826219343771424
"824",824,"Cell_LineX","Sample","Test_Compound27",9.82258551023744,0.992180354569439
"825",825,"Cell_LineX","Sample","Test_Compound62",9.41609037115112,0.951120239510214
"826",826,"Cell_LineX","Sample","Test_Compound736",9.60773635155414,0.970478419348903
"827",827,"Cell_LineX","Sample","Test_Compound56",9.85015846109452,0.994965501120658
"828",828,"Cell_LineX","Sample","Test_Compound106",9.29267401270587,0.938653940677361
"829",829,"Cell_LineX","Sample","Test_Compound35",9.02001424713318,0.911112550215473
"830",830,"Cell_LineX","Sample","Test_Compound709",9.75214522596422,0.98506517433982
"831",831,"Cell_LineX","Sample","Test_Compound425",9.78964495459468,0.988853025716634
"832",832,"Cell_LineX","Sample","Test_Compound593",9.3166533408087,0.941076095031182
"833",833,"Cell_LineX","Sample","Test_Compound86",9.80470252168013,0.990373992088902
"834",834,"Cell_LineX","Sample","Test_Compound544",9.86714244829693,0.996681055383528
"835",835,"Cell_LineX","Sample","Test_Compound373",5.6948937245445,0.57524179035803
"836",836,"Cell_LineX","Sample","Test_Compound350",9.49577884171998,0.959169579971715
"837",837,"Cell_LineX","Sample","Test_Compound258",9.70282801057381,0.980083637431697
"838",838,"Cell_LineX","Sample","Test_Compound746",6.18571109873941,0.624819302902971
"839",839,"Cell_LineX","Sample","Test_Compound114",6.37593357140247,0.644033694081057
"840",840,"Cell_LineX","Sample","Test_Compound537",9.70229280183633,0.980029575943063
"841",841,"Cell_LineX","Sample","Test_Compound357",9.72085518184242,0.981904563822466
"842",842,"Cell_LineX","Sample","Test_Compound571",9.50657900770854,0.960260505829145
"843",843,"Cell_LineX","Sample","Test_Compound432",9.76344256450997,0.986206319647472
"844",844,"Cell_LineX","Sample","Test_Compound37",9.11476465465987,0.920683298450492
"845",845,"Cell_LineX","Sample","Test_Compound784",9.77737417266218,0.98761355279416
"846",846,"Cell_LineX","Sample","Test_Compound381",6.11578561513623,0.617756122741033
"847",847,"Cell_LineX","Sample","Test_Compound202",7.48555631158813,0.756116799150316
"848",848,"Cell_LineX","Sample","Test_Compound115",6.9738173484721,0.704425994795161
"849",849,"Cell_LineX","Sample","Test_Compound224",4.98940902960301,0.50398071006091
"850",850,"Cell_LineX","Sample","Test_Compound867",9.58040884735089,0.967718065388978
"851",851,"Cell_LineX","Sample","Test_Compound317",9.68248605072645,0.978028894012773
"852",852,"Cell_LineX","Sample","Test_Compound23",9.53397466209355,0.963027743645813
"853",853,"Cell_LineX","Sample","Test_Compound193",9.35914406799825,0.945368087676591
"854",854,"Cell_LineX","Sample","Test_Compound10",9.74437550889859,0.984280354434201
"855",855,"Cell_LineX","Sample","Test_Compound70",4.71780403733595,0.476545862357167
"856",856,"Cell_LineX","Sample","Test_Compound430",9.05898836184819,0.915049329479615
"857",857,"Cell_LineX","Sample","Test_Compound861",9.72911531192654,0.98273892039662
"858",858,"Cell_LineX","Sample","Test_Compound475",9.60401187033312,0.970102209124558
"859",859,"Cell_LineX","Sample","Test_Compound273",9.26517830078733,0.935876596039124
"860",860,"Cell_LineX","Sample","Test_Compound341",9.77493770551626,0.987367445001643
"861",861,"Cell_LineX","Sample","Test_Compound308",5.09788341254384,0.514937718438771
"862",862,"Cell_LineX","Sample","Test_Compound481",2.73051418879865,0.275809514020066
"863",863,"Cell_LineX","Sample","Test_Compound549",7.28168524548018,0.735523762169715
"864",864,"Cell_LineX","Sample","Test_Compound98",6.7615304824687,0.682982877017041
"865",865,"Cell_LineX","Sample","Test_Compound366",9.77393930163792,0.987266596125043
"866",866,"Cell_LineX","Sample","Test_Compound804",6.43936541701031,0.650440951213163
"867",867,"Cell_LineX","Sample","Test_Compound203",8.81182600120187,0.890083434464836
"868",868,"Cell_LineX","Sample","Test_Compound358",9.41989377438104,0.95150442165465
"869",869,"Cell_LineX","Sample","Test_Compound703",9.82753876618858,0.992680683453392
"870",870,"Cell_LineX","Sample","Test_Compound559",9.39219287713413,0.94870635122567
"871",871,"Cell_LineX","Sample","Test_Compound172",8.68347352042939,0.87711853741711
"872",872,"Cell_LineX","Sample","Test_Compound845",2.30435945840012,0.232763581656577
"873",873,"Cell_LineX","Sample","Test_Compound586",9.2779035515369,0.937161974902717
"874",874,"Cell_LineX","Sample","Test_Compound588",5.11218215161159,0.516382035516322
"875",875,"Cell_LineX","Sample","Test_Compound603",9.74769134184087,0.984615287054633
"876",876,"Cell_LineX","Sample","Test_Compound448",9.40228235298078,0.949725490200079
"877",877,"Cell_LineX","Sample","Test_Compound173",9.60558351839123,0.970260961453659
"878",878,"Cell_LineX","Sample","Test_Compound263",9.76678302369468,0.98654373976714
